[
{
    "model": "db.user",
    "pk": 1,
    "fields": {
        "password": "pbkdf2_sha256$216000$zm5hbNyUj2u1$XOHZkfILbONSDhLZDu7q9RP/ZPN1yNlY5HRsxM5hk6o=",
        "last_login": "2021-03-24T20:10:55.497Z",
        "is_superuser": true,
        "username": "admin",
        "email": "admin@example.com",
        "is_staff": true,
        "is_active": true,
        "date_joined": "2020-07-07T09:40:35.819Z",
        "type": "internal",
        "first_name": "admin",
        "last_name": "admin",
        "company": null,
        "groups": [],
        "user_permissions": []
    }
},
{
    "model": "db.user",
    "pk": 2,
    "fields": {
        "password": "pbkdf2_sha256$216000$F5UflwmfKMKD$UNtJiBfoeVd0SfJ+1ggwIfA/Tl3Cyj3gdm5YinX0PaU=",
        "last_login": null,
        "is_superuser": false,
        "username": "company-not-verified@matchd.lo",
        "email": "company-not-verified@matchd.lo",
        "is_staff": false,
        "is_active": true,
        "date_joined": "2021-03-25T07:07:02.576Z",
        "type": "company",
        "first_name": "Xaver",
        "last_name": "Siegert",
        "company": 1,
        "groups": [],
        "user_permissions": []
    }
},
{
    "model": "db.user",
    "pk": 3,
    "fields": {
        "password": "pbkdf2_sha256$216000$YIBFeUXBXCAV$zSSM36xjysA2kvzWb3FzXq/1eLKK/N84Jt5ulRmmDvo=",
        "last_login": null,
        "is_superuser": false,
        "username": "company-step-1@matchd.lo",
        "email": "company-step-1@matchd.lo",
        "is_staff": false,
        "is_active": true,
        "date_joined": "2021-03-25T07:07:35.394Z",
        "type": "company",
        "first_name": "Moritz",
        "last_name": "Schulze",
        "company": 2,
        "groups": [],
        "user_permissions": []
    }
},
{
    "model": "db.user",
    "pk": 4,
    "fields": {
        "password": "pbkdf2_sha256$216000$IzKsSV6wXx4Z$thcFkivJwuzf4sr8jyxrf9Lu6ObmMEba+gqZBs4pg6c=",
        "last_login": null,
        "is_superuser": false,
        "username": "company-step-2@matchd.lo",
        "email": "company-step-2@matchd.lo",
        "is_staff": false,
        "is_active": true,
        "date_joined": "2021-03-25T07:08:52.764Z",
        "type": "company",
        "first_name": "Rupert",
        "last_name": "Schneider",
        "company": 3,
        "groups": [],
        "user_permissions": []
    }
},
{
    "model": "db.user",
    "pk": 5,
    "fields": {
        "password": "pbkdf2_sha256$216000$qTcstcTqizQg$kUAM371ERm7qoAbJL/1Zn8VPLpb84PB+vVNb1JFU5YM=",
        "last_login": null,
        "is_superuser": false,
        "username": "company-step-3@matchd.lo",
        "email": "company-step-3@matchd.lo",
        "is_staff": false,
        "is_active": true,
        "date_joined": "2021-03-25T07:12:04.501Z",
        "type": "company",
        "first_name": "Rafael",
        "last_name": "Dirksen",
        "company": 4,
        "groups": [],
        "user_permissions": []
    }
},
{
    "model": "db.user",
    "pk": 6,
    "fields": {
        "password": "pbkdf2_sha256$216000$zYdISDArqORs$vMx2oVlJXSmnOkJhZdFwhkRYpXPpYHoqKm/xD7CMCXs=",
        "last_login": null,
        "is_superuser": false,
        "username": "company-public@matchd.lo",
        "email": "company-public@matchd.lo",
        "is_staff": false,
        "is_active": true,
        "date_joined": "2021-03-25T07:16:16.062Z",
        "type": "company",
        "first_name": "Odelia",
        "last_name": "Carl",
        "company": 5,
        "groups": [],
        "user_permissions": []
    }
},
{
    "model": "db.user",
    "pk": 7,
    "fields": {
        "password": "pbkdf2_sha256$216000$0Pi4gBFw62GI$xumtrhqXpDjPQsuEOVYN8ujQIzGfcQD8tAYMV2L0ilQ=",
        "last_login": null,
        "is_superuser": false,
        "username": "liip@matchd.lo",
        "email": "liip@matchd.lo",
        "is_staff": false,
        "is_active": true,
        "date_joined": "2021-03-25T07:19:51.623Z",
        "type": "company",
        "first_name": "Kilian",
        "last_name": "Schefer",
        "company": 6,
        "groups": [],
        "user_permissions": []
    }
},
{
    "model": "db.user",
    "pk": 8,
    "fields": {
        "password": "pbkdf2_sha256$216000$RCOcVodNexVh$kxzaiiZ6W0DzNAJn7svewg5DQ2mofVTTA/JiOd+3lbY=",
        "last_login": null,
        "is_superuser": false,
        "username": "university-not-verified@matchd.lo",
        "email": "university-not-verified@matchd.lo",
        "is_staff": false,
        "is_active": true,
        "date_joined": "2021-03-25T08:41:38.241Z",
        "type": "university",
        "first_name": "Lukas",
        "last_name": "Weiner",
        "company": 7,
        "groups": [],
        "user_permissions": []
    }
},
{
    "model": "db.user",
    "pk": 9,
    "fields": {
        "password": "pbkdf2_sha256$216000$iyBnTACyFpY9$0Zz2wgh4XnGf7zNcB+WBYR9+BYVMJWx577OPKfY6rmQ=",
        "last_login": null,
        "is_superuser": false,
        "username": "university-step-1@matchd.lo",
        "email": "university-step-1@matchd.lo",
        "is_staff": false,
        "is_active": true,
        "date_joined": "2021-03-25T08:42:22.253Z",
        "type": "university",
        "first_name": "Ivonne",
        "last_name": "Schwarz",
        "company": 8,
        "groups": [],
        "user_permissions": []
    }
},
{
    "model": "db.user",
    "pk": 10,
    "fields": {
        "password": "pbkdf2_sha256$216000$fe4y5ygqDIvd$ALcag4m5dYt7crVsLxnhxxtosyXZZKgG7Lv6BtsAK+A=",
        "last_login": null,
        "is_superuser": false,
        "username": "university-step-2@matchd.lo",
        "email": "university-step-2@matchd.lo",
        "is_staff": false,
        "is_active": true,
        "date_joined": "2021-03-25T08:43:35.088Z",
        "type": "university",
        "first_name": "Valentin",
        "last_name": "Becker",
        "company": 9,
        "groups": [],
        "user_permissions": []
    }
},
{
    "model": "db.user",
    "pk": 11,
    "fields": {
        "password": "pbkdf2_sha256$216000$GLk5aCp5fOaI$qJ+hIDVkSRH103d2xXMgvxg2FOfudVkY2jBvsnNPlzs=",
        "last_login": null,
        "is_superuser": false,
        "username": "university-step-3@matchd.lo",
        "email": "university-step-3@matchd.lo",
        "is_staff": false,
        "is_active": true,
        "date_joined": "2021-03-25T09:33:07.603Z",
        "type": "university",
        "first_name": "Klara",
        "last_name": "Ludwig",
        "company": 10,
        "groups": [],
        "user_permissions": []
    }
},
{
    "model": "db.user",
    "pk": 12,
    "fields": {
        "password": "pbkdf2_sha256$216000$fwU547DZUnnw$1A6AdO/KNnPIrr+xWp2viChV3MxhniQd8wxmusMekL4=",
        "last_login": null,
        "is_superuser": false,
        "username": "university-public@matchd.lo",
        "email": "university-public@matchd.lo",
        "is_staff": false,
        "is_active": true,
        "date_joined": "2021-03-25T09:36:36.781Z",
        "type": "university",
        "first_name": "Belinda",
        "last_name": "Luther",
        "company": 11,
        "groups": [],
        "user_permissions": []
    }
},
{
    "model": "db.user",
    "pk": 13,
    "fields": {
        "password": "pbkdf2_sha256$216000$VYwDhTT7RtoR$AyZJN/bFtrJSLSVGT16luU1nURnflZU0EXLYPiUHBeo=",
        "last_login": null,
        "is_superuser": false,
        "username": "student-not-verified@matchd.lo",
        "email": "student-not-verified@matchd.lo",
        "is_staff": false,
        "is_active": true,
        "date_joined": "2021-03-25T09:46:16.852Z",
        "type": "student",
        "first_name": "Katarina",
        "last_name": "Frank",
        "company": null,
        "groups": [],
        "user_permissions": []
    }
},
{
    "model": "db.user",
    "pk": 14,
    "fields": {
        "password": "pbkdf2_sha256$216000$8WuxHv2GfuU6$7APC39QECYuuCgh3nw2/+J3sSEsK5OCMfNNnecuW7sE=",
        "last_login": null,
        "is_superuser": false,
        "username": "student-step-1@matchd.lo",
        "email": "student-step-1@matchd.lo",
        "is_staff": false,
        "is_active": true,
        "date_joined": "2021-03-25T09:46:57.201Z",
        "type": "student",
        "first_name": "Zelda",
        "last_name": "Blau",
        "company": null,
        "groups": [],
        "user_permissions": []
    }
},
{
    "model": "db.user",
    "pk": 15,
    "fields": {
        "password": "pbkdf2_sha256$216000$N0tzNPv1ayFo$MdsZUlcKJHaXJNZX43jL3xbJUrXT78omsTeaGK8Bxos=",
        "last_login": null,
        "is_superuser": false,
        "username": "student-step-2@matchd.lo",
        "email": "student-step-2@matchd.lo",
        "is_staff": false,
        "is_active": true,
        "date_joined": "2021-03-25T09:47:13.751Z",
        "type": "student",
        "first_name": "Grete",
        "last_name": "Fabel",
        "company": null,
        "groups": [],
        "user_permissions": []
    }
},
{
    "model": "db.user",
    "pk": 16,
    "fields": {
        "password": "pbkdf2_sha256$216000$zLvHQtwnKkOx$EZuuP8M21ZtTvqeQpq/ruU3PibClifMbaClAGrVS1Sc=",
        "last_login": null,
        "is_superuser": false,
        "username": "student-step-3@matchd.lo",
        "email": "student-step-3@matchd.lo",
        "is_staff": false,
        "is_active": true,
        "date_joined": "2021-03-25T09:47:39.387Z",
        "type": "student",
        "first_name": "Frauke",
        "last_name": "Warner",
        "company": null,
        "groups": [],
        "user_permissions": []
    }
},
{
    "model": "db.user",
    "pk": 17,
    "fields": {
        "password": "pbkdf2_sha256$216000$87iCEehFWhDS$pZpFL1TDQlCiMNo/IkyY5dxXb9J16YYhXauluC+9A28=",
        "last_login": null,
        "is_superuser": false,
        "username": "student-step-4@matchd.lo",
        "email": "student-step-4@matchd.lo",
        "is_staff": false,
        "is_active": true,
        "date_joined": "2021-03-25T09:47:59.954Z",
        "type": "student",
        "first_name": "Immanuel",
        "last_name": "Nagel",
        "company": null,
        "groups": [],
        "user_permissions": []
    }
},
{
    "model": "db.user",
    "pk": 18,
    "fields": {
        "password": "pbkdf2_sha256$216000$EE34d372ychW$fsZqQZRtPNYp9+dWMdlGleNsldB5AckHUz7ynYAYjms=",
        "last_login": null,
        "is_superuser": false,
        "username": "student-step-5@matchd.lo",
        "email": "student-step-5@matchd.lo",
        "is_staff": false,
        "is_active": true,
        "date_joined": "2021-03-25T09:48:17.714Z",
        "type": "student",
        "first_name": "Horst",
        "last_name": "Sander",
        "company": null,
        "groups": [],
        "user_permissions": []
    }
},
{
    "model": "db.user",
    "pk": 19,
    "fields": {
        "password": "pbkdf2_sha256$216000$tOhnJGYN5ycX$jD+mN8IpfhEpHo0xuMJlseYGLOy1vbWSWH11wVrZCkE=",
        "last_login": null,
        "is_superuser": false,
        "username": "student-step-6@matchd.lo",
        "email": "student-step-6@matchd.lo",
        "is_staff": false,
        "is_active": true,
        "date_joined": "2021-03-25T09:48:36.712Z",
        "type": "student",
        "first_name": "Moritz",
        "last_name": "Busch",
        "company": null,
        "groups": [],
        "user_permissions": []
    }
},
{
    "model": "db.user",
    "pk": 20,
    "fields": {
        "password": "pbkdf2_sha256$216000$QDF4CQM5xZCh$trKtTIPZs6OkDZbWtvvnm3GYhIK3zVgLdkAbky02Fa4=",
        "last_login": null,
        "is_superuser": false,
        "username": "student-public@matchd.lo",
        "email": "student-public@matchd.lo",
        "is_staff": false,
        "is_active": true,
        "date_joined": "2021-03-25T10:27:19.023Z",
        "type": "student",
        "first_name": "Ima",
        "last_name": "Kuhn",
        "company": null,
        "groups": [],
        "user_permissions": []
    }
},
{
    "model": "db.user",
    "pk": 21,
    "fields": {
        "password": "pbkdf2_sha256$216000$EAwfThRxj0KZ$hTL2etmNCG/INwDrrqEM8gsTKY1L5hJMU3CcXwYpc64=",
        "last_login": null,
        "is_superuser": false,
        "username": "student-anonymous@matchd.lo",
        "email": "student-anonymous@matchd.lo",
        "is_staff": false,
        "is_active": true,
        "date_joined": "2021-03-25T10:32:29.182Z",
        "type": "student",
        "first_name": "Dirk",
        "last_name": "Seidel",
        "company": null,
        "groups": [],
        "user_permissions": []
    }
},
{
    "model": "db.user",
    "pk": 22,
    "fields": {
        "password": "pbkdf2_sha256$216000$a9Ap00Nts2og$KmNcWK3yYpu1A/L0ldX1HYfGbwMb/FWRgtpNP5SVbiU=",
        "last_login": null,
        "is_superuser": false,
        "username": "company-step-4@matchd.lo",
        "email": "company-step-4@matchd.lo",
        "is_staff": false,
        "is_active": true,
        "date_joined": "2021-03-29T08:34:58.583Z",
        "type": "company",
        "first_name": "Elli",
        "last_name": "Peters",
        "company": 12,
        "groups": [],
        "user_permissions": []
    }
},
{
    "model": "db.company",
    "pk": 1,
    "fields": {
        "type": "company",
        "state": "incomplete",
        "profile_step": 1,
        "slug": "siegert-ag",
        "name": "Siegert AG",
        "zip": "9000",
        "city": "St. Gallen",
        "street": "",
        "phone": "",
        "website": "",
        "branch": null,
        "description": "",
        "uid": "CHE-999.999.999",
        "services": "",
        "member_it_st_gallen": false,
        "top_level_organisation_description": "",
        "top_level_organisation_website": "",
        "link_education": null,
        "link_projects": null,
        "link_thesis": null,
        "soft_skills": [],
        "benefits": [],
        "job_positions": []
    }
},
{
    "model": "db.company",
    "pk": 2,
    "fields": {
        "type": "company",
        "state": "incomplete",
        "profile_step": 1,
        "slug": "schulze-ag",
        "name": "Schulze AG",
        "zip": "9000",
        "city": "St. Gallen",
        "street": "",
        "phone": "",
        "website": "",
        "branch": null,
        "description": "",
        "uid": "CHE-999.999.999",
        "services": "",
        "member_it_st_gallen": false,
        "top_level_organisation_description": "",
        "top_level_organisation_website": "",
        "link_education": null,
        "link_projects": null,
        "link_thesis": null,
        "soft_skills": [],
        "benefits": [],
        "job_positions": []
    }
},
{
    "model": "db.company",
    "pk": 3,
    "fields": {
        "type": "company",
        "state": "incomplete",
        "profile_step": 2,
        "slug": "schneider-ag",
        "name": "Schneider AG",
        "zip": "9000",
        "city": "St. Gallen",
        "street": "Vadianstrasse 25A",
        "phone": "+41719876543",
        "website": "",
        "branch": null,
        "description": "",
        "uid": "CHE-999.999.999",
        "services": "",
        "member_it_st_gallen": false,
        "top_level_organisation_description": "",
        "top_level_organisation_website": "",
        "link_education": null,
        "link_projects": null,
        "link_thesis": null,
        "soft_skills": [],
        "benefits": [],
        "job_positions": []
    }
},
{
    "model": "db.company",
    "pk": 4,
    "fields": {
        "type": "company",
        "state": "incomplete",
        "profile_step": 3,
        "slug": "dirksen-ag",
        "name": "Dirksen AG",
        "zip": "9000",
        "city": "St. Gallen",
        "street": "Vadianstrasse 25A",
        "phone": "+41719876543",
        "website": "http://www.dirksen.lo",
        "branch": 1,
        "description": "Lorem ipsum dolor sit amet, consectetur adipiscing elit. Sed pharetra sem sed semper tincidunt. Fusce eget interdum dui, ac viverra libero. Aliquam sem justo, placerat non fringilla eu, consequat venenatis urna. Pellentesque massa arcu, luctus in vestibulum ac, suscipit a lorem. Aliquam sed justo condimentum, porta lectus quis, consequat erat. Aliquam congue consequat commodo. Duis vitae vehicula est. Mauris et ornare tellus, non consectetur mauris. Praesent eget magna nisl. Nam congue pharetra tincidunt. Morbi ligula ante, tristique in odio ut, tempor fringilla sapien. Orci varius natoque penatibus et magnis dis parturient montes, nascetur ridiculus mus. Aliquam erat volutpat.",
        "uid": "CHE-999.999.999",
        "services": "Lorem ipsum dolor sit amet, consectetur adipiscing elit. Sed pharetra sem sed semper tincidunt. Fusce eget interdum dui, ac viverra libero. Aliquam sem justo, placerat non fringilla eu, consequat venenatis urna. Pellentesque massa arcu, luctus in vestibulum ac, suscipit a lorem. Aliquam sed justo condimentum, porta lectus quis, consequat erat. Aliquam congue consequat commodo. Duis vitae vehicula est. Mauris et ornare tellus, non consectetur mauris. Praesent eget magna nisl. Nam congue pharetra tincidunt. Morbi ligula ante, tristique in odio ut, tempor fringilla sapien. Orci varius natoque penatibus et magnis dis parturient montes, nascetur ridiculus mus. Aliquam erat volutpat.",
        "member_it_st_gallen": true,
        "top_level_organisation_description": "",
        "top_level_organisation_website": "",
        "link_education": null,
        "link_projects": null,
        "link_thesis": null,
        "soft_skills": [],
        "benefits": [],
        "job_positions": []
    }
},
{
    "model": "db.company",
    "pk": 5,
    "fields": {
        "type": "company",
        "state": "public",
        "profile_step": 5,
        "slug": "carl-ag",
        "name": "Carl AG",
        "zip": "9000",
        "city": "St. Gallen",
        "street": "Vadianstrasse 25A",
        "phone": "+41719876543",
        "website": "http://www.carl.lo",
        "branch": 2,
        "description": "Lorem ipsum dolor sit amet, consectetur adipiscing elit. Sed pharetra sem sed semper tincidunt. Fusce eget interdum dui, ac viverra libero. Aliquam sem justo, placerat non fringilla eu, consequat venenatis urna. Pellentesque massa arcu, luctus in vestibulum ac, suscipit a lorem. Aliquam sed justo condimentum, porta lectus quis, consequat erat. Aliquam congue consequat commodo. Duis vitae vehicula est. Mauris et ornare tellus, non consectetur mauris. Praesent eget magna nisl. Nam congue pharetra tincidunt. Morbi ligula ante, tristique in odio ut, tempor fringilla sapien. Orci varius natoque penatibus et magnis dis parturient montes, nascetur ridiculus mus. Aliquam erat volutpat.",
        "uid": "CHE-999.999.999",
        "services": "Lorem ipsum dolor sit amet, consectetur adipiscing elit. Sed pharetra sem sed semper tincidunt. Fusce eget interdum dui, ac viverra libero. Aliquam sem justo, placerat non fringilla eu, consequat venenatis urna. Pellentesque massa arcu, luctus in vestibulum ac, suscipit a lorem. Aliquam sed justo condimentum, porta lectus quis, consequat erat. Aliquam congue consequat commodo. Duis vitae vehicula est. Mauris et ornare tellus, non consectetur mauris. Praesent eget magna nisl. Nam congue pharetra tincidunt. Morbi ligula ante, tristique in odio ut, tempor fringilla sapien. Orci varius natoque penatibus et magnis dis parturient montes, nascetur ridiculus mus. Aliquam erat volutpat.",
        "member_it_st_gallen": true,
        "top_level_organisation_description": "",
        "top_level_organisation_website": "",
        "link_education": null,
        "link_projects": null,
        "link_thesis": null,
        "soft_skills": [
            1,
            2,
            3,
            4,
            5,
            6
        ],
        "benefits": [
            1
        ],
        "job_positions": [
            1
        ]
    }
},
{
    "model": "db.company",
    "pk": 6,
    "fields": {
        "type": "company",
        "state": "public",
        "profile_step": 5,
        "slug": "liip-ag",
        "name": "Liip AG",
        "zip": "9000",
        "city": "St. Gallen",
        "street": "Vadianstrasse 25A",
        "phone": "+41715771337",
        "website": "https://www.liip.ch",
        "branch": 1,
        "description": "Wir machen innovatives und individuelles Web-Development und Mobile-Apps. Dank grosser Expertise, langjähriger Erfahrung und einer einzigartigen Kultur überzeugt dies nicht nur unsere Kunden – sondern auch viele Wettbewerbsjurys.",
        "uid": "CHE-999.999.999",
        "services": "Bei Liip bekommst du alles, was es für Digital Progress braucht: Von innovativer User Experience bis zu lupenreinem Development, von messbar gutem SEO und Analytics bis hin zu effizienter New Work. Wir begleiten dich mit unseren Expertisen bei deiner digitalen Herausforderung. Und zwar transparent, agil und immer auf Augenhöhe. Wo können wir dich unterstützen?",
        "member_it_st_gallen": true,
        "top_level_organisation_description": "",
        "top_level_organisation_website": "",
        "link_education": null,
        "link_projects": null,
        "link_thesis": null,
        "soft_skills": [
            1,
            2,
            3,
            4,
            5,
            6
        ],
        "benefits": [
            8,
            4,
            6,
            2,
            10,
            7,
            9,
            5,
            3,
            1
        ],
        "job_positions": [
            1
        ]
    }
},
{
    "model": "db.company",
    "pk": 7,
    "fields": {
        "type": "university",
        "state": "incomplete",
        "profile_step": 1,
        "slug": "meiner-university",
        "name": "Meiner University",
        "zip": "9000",
        "city": "St. Gallen",
        "street": "",
        "phone": "",
        "website": "",
        "branch": null,
        "description": "",
        "uid": "",
        "services": "",
        "member_it_st_gallen": false,
        "top_level_organisation_description": "",
        "top_level_organisation_website": "",
        "link_education": null,
        "link_projects": null,
        "link_thesis": null,
        "soft_skills": [],
        "benefits": [],
        "job_positions": []
    }
},
{
    "model": "db.company",
    "pk": 8,
    "fields": {
        "type": "university",
        "state": "incomplete",
        "profile_step": 1,
        "slug": "schwarz-university",
        "name": "Schwarz University",
        "zip": "9000",
        "city": "St. Gallen",
        "street": "",
        "phone": "",
        "website": "",
        "branch": null,
        "description": "",
        "uid": "",
        "services": "",
        "member_it_st_gallen": false,
        "top_level_organisation_description": "",
        "top_level_organisation_website": "",
        "link_education": null,
        "link_projects": null,
        "link_thesis": null,
        "soft_skills": [],
        "benefits": [],
        "job_positions": []
    }
},
{
    "model": "db.company",
    "pk": 9,
    "fields": {
        "type": "university",
        "state": "incomplete",
        "profile_step": 2,
        "slug": "becker-university",
        "name": "Becker University",
        "zip": "9000",
        "city": "St. Gallen",
        "street": "Vadianstrasse 25A",
        "phone": "+41711234569",
        "website": "http://www.becker.lo",
        "branch": null,
        "description": "",
        "uid": "",
        "services": "",
        "member_it_st_gallen": false,
        "top_level_organisation_description": "Lorem ipsum dolor sit amet, consectetur adipiscing elit. Sed pharetra sem sed semper tincidunt. Fusce eget interdum dui, ac viverra libero. Aliquam sem justo, placerat non fringilla eu, consequat venenatis urna. Pellentesque massa arcu, luctus in vestibulum ac, suscipit a lorem. Aliquam sed justo condimentum, porta lectus quis, consequat erat. Aliquam congue consequat commodo. Duis vitae vehicula est. Mauris et ornare tellus, non consectetur mauris. Praesent eget magna nisl. Nam congue pharetra tincidunt. Morbi ligula ante, tristique in odio ut, tempor fringilla sapien. Orci varius natoque penatibus et magnis dis parturient montes, nascetur ridiculus mus. Aliquam erat volutpat.",
        "top_level_organisation_website": "http://www.toplevel.lo",
        "link_education": null,
        "link_projects": null,
        "link_thesis": null,
        "soft_skills": [],
        "benefits": [],
        "job_positions": []
    }
},
{
    "model": "db.company",
    "pk": 10,
    "fields": {
        "type": "university",
        "state": "incomplete",
        "profile_step": 3,
        "slug": "ludwig-university",
        "name": "Ludwig University",
        "zip": "9000",
        "city": "St. Gallen",
        "street": "Vadianstrasse 25A",
        "phone": "+41711234569",
        "website": "http://www.ludwig.lo",
        "branch": 1,
        "description": "Lorem ipsum dolor sit amet, consectetur adipiscing elit. Sed pharetra sem sed semper tincidunt. Fusce eget interdum dui, ac viverra libero. Aliquam sem justo, placerat non fringilla eu, consequat venenatis urna. Pellentesque massa arcu, luctus in vestibulum ac, suscipit a lorem. Aliquam sed justo condimentum, porta lectus quis, consequat erat. Aliquam congue consequat commodo. Duis vitae vehicula est. Mauris et ornare tellus, non consectetur mauris. Praesent eget magna nisl. Nam congue pharetra tincidunt. Morbi ligula ante, tristique in odio ut, tempor fringilla sapien. Orci varius natoque penatibus et magnis dis parturient montes, nascetur ridiculus mus. Aliquam erat volutpat.",
        "uid": "",
        "services": "",
        "member_it_st_gallen": false,
        "top_level_organisation_description": "Lorem ipsum dolor sit amet, consectetur adipiscing elit. Sed pharetra sem sed semper tincidunt. Fusce eget interdum dui, ac viverra libero. Aliquam sem justo, placerat non fringilla eu, consequat venenatis urna. Pellentesque massa arcu, luctus in vestibulum ac, suscipit a lorem. Aliquam sed justo condimentum, porta lectus quis, consequat erat. Aliquam congue consequat commodo. Duis vitae vehicula est. Mauris et ornare tellus, non consectetur mauris. Praesent eget magna nisl. Nam congue pharetra tincidunt. Morbi ligula ante, tristique in odio ut, tempor fringilla sapien. Orci varius natoque penatibus et magnis dis parturient montes, nascetur ridiculus mus. Aliquam erat volutpat.",
        "top_level_organisation_website": "http://www.toplevel.lo",
        "link_education": null,
        "link_projects": null,
        "link_thesis": null,
        "soft_skills": [],
        "benefits": [],
        "job_positions": []
    }
},
{
    "model": "db.company",
    "pk": 11,
    "fields": {
        "type": "university",
        "state": "public",
        "profile_step": 4,
        "slug": "luther-university",
        "name": "Luther University",
        "zip": "9000",
        "city": "St. Gallen",
        "street": "Vadianstrasse 25A",
        "phone": "+41711234569",
        "website": "http://www.luther.lo",
        "branch": 1,
        "description": "Lorem ipsum dolor sit amet, consectetur adipiscing elit. Sed pharetra sem sed semper tincidunt. Fusce eget interdum dui, ac viverra libero. Aliquam sem justo, placerat non fringilla eu, consequat venenatis urna. Pellentesque massa arcu, luctus in vestibulum ac, suscipit a lorem. Aliquam sed justo condimentum, porta lectus quis, consequat erat. Aliquam congue consequat commodo. Duis vitae vehicula est. Mauris et ornare tellus, non consectetur mauris. Praesent eget magna nisl. Nam congue pharetra tincidunt. Morbi ligula ante, tristique in odio ut, tempor fringilla sapien. Orci varius natoque penatibus et magnis dis parturient montes, nascetur ridiculus mus. Aliquam erat volutpat.",
        "uid": "",
        "services": "Lorem ipsum dolor sit amet, consectetur adipiscing elit. Sed pharetra sem sed semper tincidunt. Fusce eget interdum dui, ac viverra libero. Aliquam sem justo, placerat non fringilla eu, consequat venenatis urna. Pellentesque massa arcu, luctus in vestibulum ac, suscipit a lorem.",
        "member_it_st_gallen": false,
        "top_level_organisation_description": "Lorem ipsum dolor sit amet, consectetur adipiscing elit. Sed pharetra sem sed semper tincidunt. Fusce eget interdum dui, ac viverra libero. Aliquam sem justo, placerat non fringilla eu, consequat venenatis urna. Pellentesque massa arcu, luctus in vestibulum ac, suscipit a lorem. Aliquam sed justo condimentum, porta lectus quis, consequat erat. Aliquam congue consequat commodo. Duis vitae vehicula est. Mauris et ornare tellus, non consectetur mauris. Praesent eget magna nisl. Nam congue pharetra tincidunt. Morbi ligula ante, tristique in odio ut, tempor fringilla sapien. Orci varius natoque penatibus et magnis dis parturient montes, nascetur ridiculus mus. Aliquam erat volutpat.",
        "top_level_organisation_website": "http://www.toplevel.lo",
        "link_education": "http://www.education.lo",
        "link_projects": "http://www.projects.lo",
        "link_thesis": "http://www.thesis.lo",
        "soft_skills": [],
        "benefits": [],
        "job_positions": []
    }
},
{
    "model": "db.company",
    "pk": 12,
    "fields": {
        "type": "company",
        "state": "incomplete",
        "profile_step": 4,
        "slug": "peters-ag",
        "name": "Peters AG",
        "zip": "9000",
        "city": "St. Gallen",
        "street": "Vadianstrasse 25A",
        "phone": "+41719876543",
        "website": "http://www.peters.lo",
        "branch": 1,
        "description": "Lorem ipsum dolor sit amet, consectetur adipiscing elit. Sed a scelerisque elit. Praesent accumsan mi id mauris scelerisque, sagittis tristique sem facilisis. Mauris in tempor risus. Integer ornare, leo placerat mollis molestie, urna ipsum volutpat lectus, quis vestibulum lorem sem quis urna. Vestibulum finibus, quam eu laoreet facilisis, lectus dolor vehicula orci, consequat feugiat orci enim eu orci. Ut sed urna quis augue gravida tempus. Fusce sed orci et lacus congue gravida. Integer leo arcu, mattis vitae egestas non, fermentum nec justo. Integer in consequat metus. Phasellus tempus, mauris et pharetra tempor, orci eros venenatis orci, in eleifend erat elit ut leo. Maecenas hendrerit eu ipsum at viverra. Mauris auctor sapien eu turpis maximus, eget tincidunt ligula pretium. Nullam at elit ac elit iaculis tincidunt. Nam massa risus, hendrerit ut eros sit amet, aliquam feugiat ante. Donec aliquet nisi a maximus molestie.",
        "uid": "CHE-999.999.999",
        "services": "Lorem ipsum dolor sit amet, consectetur adipiscing elit. Sed a scelerisque elit. Praesent accumsan mi id mauris scelerisque, sagittis tristique sem facilisis. Mauris in tempor risus. Integer ornare, leo placerat mollis molestie, urna ipsum volutpat lectus, quis vestibulum lorem sem quis urna. Vestibulum finibus, quam eu laoreet facilisis, lectus dolor vehicula orci, consequat feugiat orci enim eu orci. Ut sed urna quis augue gravida tempus. Fusce sed orci et lacus congue gravida. Integer leo arcu, mattis vitae egestas non, fermentum nec justo. Integer in consequat metus. Phasellus tempus, mauris et pharetra tempor, orci eros venenatis orci, in eleifend erat elit ut leo. Maecenas hendrerit eu ipsum at viverra. Mauris auctor sapien eu turpis maximus, eget tincidunt ligula pretium. Nullam at elit ac elit iaculis tincidunt. Nam massa risus, hendrerit ut eros sit amet, aliquam feugiat ante. Donec aliquet nisi a maximus molestie.",
        "member_it_st_gallen": true,
        "top_level_organisation_description": "",
        "top_level_organisation_website": "",
        "link_education": null,
        "link_projects": null,
        "link_thesis": null,
        "soft_skills": [],
        "benefits": [
            1
        ],
        "job_positions": [
            1
        ]
    }
},
{
    "model": "db.student",
    "pk": 1,
    "fields": {
        "user": 13,
        "mobile": "+41791234567",
        "street": "",
        "zip": "",
        "city": "",
        "date_of_birth": null,
        "nickname": null,
        "school_name": null,
        "field_of_study": "",
        "graduation": null,
        "job_type": null,
        "job_from_date": null,
        "job_to_date": null,
        "job_position": null,
        "distinction": "",
        "state": "incomplete",
        "profile_step": 1,
        "skills": [],
        "soft_skills": []
    }
},
{
    "model": "db.student",
    "pk": 2,
    "fields": {
        "user": 14,
        "mobile": "+41791234567",
        "street": "",
        "zip": "",
        "city": "",
        "date_of_birth": null,
        "nickname": null,
        "school_name": null,
        "field_of_study": "",
        "graduation": null,
        "job_type": null,
        "job_from_date": null,
        "job_to_date": null,
        "job_position": null,
        "distinction": "",
        "state": "incomplete",
        "profile_step": 1,
        "skills": [],
        "soft_skills": []
    }
},
{
    "model": "db.student",
    "pk": 3,
    "fields": {
        "user": 15,
        "mobile": "+41791234567",
        "street": "Davidstrasse 25",
        "zip": "9000",
        "city": "St. Gallen",
        "date_of_birth": "1999-01-03",
        "nickname": null,
        "school_name": "",
        "field_of_study": "",
        "graduation": null,
        "job_type": null,
        "job_from_date": null,
        "job_to_date": null,
        "job_position": null,
        "distinction": "",
        "state": "incomplete",
        "profile_step": 2,
        "skills": [],
        "soft_skills": []
    }
},
{
    "model": "db.student",
    "pk": 4,
    "fields": {
        "user": 16,
        "mobile": "+41791234567",
        "street": "Davidstrasse 25",
        "zip": "9000",
        "city": "St. Gallen",
        "date_of_birth": "1999-01-03",
        "nickname": null,
        "school_name": "FH Winterthur",
        "field_of_study": "Applikationsentwicklung",
        "graduation": "2022-08-01",
        "job_type": null,
        "job_from_date": null,
        "job_to_date": null,
        "job_position": null,
        "distinction": "",
        "state": "incomplete",
        "profile_step": 3,
        "skills": [],
        "soft_skills": []
    }
},
{
    "model": "db.student",
    "pk": 5,
    "fields": {
        "user": 17,
        "mobile": "+41791234567",
        "street": "Davidstrasse 25",
        "zip": "9000",
        "city": "St. Gallen",
        "date_of_birth": "1999-01-03",
        "nickname": null,
        "school_name": "FH Winterthur",
        "field_of_study": "Applikationsentwicklung",
        "graduation": "2022-08-01",
        "job_type": 2,
        "job_from_date": "2021-03-01",
        "job_to_date": "2021-04-01",
        "job_position": 1,
        "distinction": "",
        "state": "incomplete",
        "profile_step": 4,
        "skills": [],
        "soft_skills": []
    }
},
{
    "model": "db.student",
    "pk": 6,
    "fields": {
        "user": 18,
        "mobile": "+41791234567",
        "street": "Davidstrasse 25",
        "zip": "9000",
        "city": "St. Gallen",
        "date_of_birth": "1999-01-03",
        "nickname": null,
        "school_name": "FH Winterthur",
        "field_of_study": "Applikationsentwicklung",
        "graduation": "2022-08-01",
        "job_type": 2,
        "job_from_date": "2021-03-01",
        "job_to_date": "2021-04-01",
        "job_position": 1,
        "distinction": "Lorem ipsum dolor sit amet, consectetur adipiscing elit. Sed pharetra sem sed semper tincidunt. Fusce eget interdum dui, ac viverra libero. Aliquam sem justo, placerat non fringilla eu, consequat venenatis urna. Pellentesque massa arcu, luctus in vestibulum ac, suscipit a lorem. Aliquam sed justo condimentum, porta lectus quis, consequat erat. Aliquam congue consequat commodo. Duis vitae vehicula est. Mauris et ornare tellus, non consectetur mauris. Praesent eget magna nisl. Nam congue pharetra tincidunt. Morbi ligula ante, tristique in odio ut, tempor fringilla sapien. Orci varius natoque penatibus et magnis dis parturient montes, nascetur ridiculus mus. Aliquam erat volutpat.",
        "state": "incomplete",
        "profile_step": 5,
        "skills": [
            2,
            1,
            3
        ],
        "soft_skills": []
    }
},
{
    "model": "db.student",
    "pk": 7,
    "fields": {
        "user": 19,
        "mobile": "+41791234567",
        "street": "Davidstrasse 25",
        "zip": "9000",
        "city": "St. Gallen",
        "date_of_birth": "1999-01-03",
        "nickname": "darth_vader",
        "school_name": "FH Winterthur",
        "field_of_study": "Applikationsentwicklung",
        "graduation": "2022-08-01",
        "job_type": 2,
        "job_from_date": "2021-03-01",
        "job_to_date": "2021-04-01",
        "job_position": 1,
        "distinction": "Lorem ipsum dolor sit amet, consectetur adipiscing elit. Sed pharetra sem sed semper tincidunt. Fusce eget interdum dui, ac viverra libero. Aliquam sem justo, placerat non fringilla eu, consequat venenatis urna. Pellentesque massa arcu, luctus in vestibulum ac, suscipit a lorem. Aliquam sed justo condimentum, porta lectus quis, consequat erat. Aliquam congue consequat commodo. Duis vitae vehicula est. Mauris et ornare tellus, non consectetur mauris. Praesent eget magna nisl. Nam congue pharetra tincidunt. Morbi ligula ante, tristique in odio ut, tempor fringilla sapien. Orci varius natoque penatibus et magnis dis parturient montes, nascetur ridiculus mus. Aliquam erat volutpat.",
        "state": "incomplete",
        "profile_step": 6,
        "skills": [
            2,
            1,
            3
        ],
        "soft_skills": []
    }
},
{
    "model": "db.student",
    "pk": 8,
    "fields": {
        "user": 20,
        "mobile": "+41791234567",
        "street": "Davidstrasse 25",
        "zip": "9000",
        "city": "St. Gallen",
        "date_of_birth": "1999-01-03",
        "nickname": "lara_croft",
        "school_name": "FH Winterthur",
        "field_of_study": "Applikationsentwicklung",
        "graduation": "2022-08-01",
        "job_type": 2,
        "job_from_date": "2021-03-01",
        "job_to_date": "2021-04-01",
        "job_position": 1,
        "distinction": "Lorem ipsum dolor sit amet, consectetur adipiscing elit. Sed pharetra sem sed semper tincidunt. Fusce eget interdum dui, ac viverra libero. Aliquam sem justo, placerat non fringilla eu, consequat venenatis urna. Pellentesque massa arcu, luctus in vestibulum ac, suscipit a lorem. Aliquam sed justo condimentum, porta lectus quis, consequat erat. Aliquam congue consequat commodo. Duis vitae vehicula est. Mauris et ornare tellus, non consectetur mauris. Praesent eget magna nisl. Nam congue pharetra tincidunt. Morbi ligula ante, tristique in odio ut, tempor fringilla sapien. Orci varius natoque penatibus et magnis dis parturient montes, nascetur ridiculus mus. Aliquam erat volutpat.",
        "state": "public",
        "profile_step": 7,
        "skills": [
            2,
            1,
            3
        ],
        "soft_skills": []
    }
},
{
    "model": "db.student",
    "pk": 9,
    "fields": {
        "user": 21,
        "mobile": "+41781234567",
        "street": "Davidstrasse 25",
        "zip": "9000",
        "city": "St. Gallen",
        "date_of_birth": "1999-01-03",
        "nickname": "tyler_durden",
        "school_name": "FH Winterthur",
        "field_of_study": "Applikationsentwicklung",
        "graduation": "2022-08-01",
        "job_type": 2,
        "job_from_date": "2021-03-01",
        "job_to_date": "2021-04-01",
        "job_position": 1,
        "distinction": "Lorem ipsum dolor sit amet, consectetur adipiscing elit. Sed pharetra sem sed semper tincidunt. Fusce eget interdum dui, ac viverra libero. Aliquam sem justo, placerat non fringilla eu, consequat venenatis urna. Pellentesque massa arcu, luctus in vestibulum ac, suscipit a lorem. Aliquam sed justo condimentum, porta lectus quis, consequat erat. Aliquam congue consequat commodo. Duis vitae vehicula est. Mauris et ornare tellus, non consectetur mauris. Praesent eget magna nisl. Nam congue pharetra tincidunt. Morbi ligula ante, tristique in odio ut, tempor fringilla sapien. Orci varius natoque penatibus et magnis dis parturient montes, nascetur ridiculus mus. Aliquam erat volutpat.",
        "state": "anonymous",
        "profile_step": 7,
        "skills": [
            2,
            1,
            3
        ],
        "soft_skills": []
    }
},
{
    "model": "db.employee",
    "pk": 1,
    "fields": {
        "user": 2,
        "role": "Recruiter"
    }
},
{
    "model": "db.employee",
    "pk": 2,
    "fields": {
        "user": 3,
        "role": "Recruiter"
    }
},
{
    "model": "db.employee",
    "pk": 3,
    "fields": {
        "user": 4,
        "role": "Recruiter"
    }
},
{
    "model": "db.employee",
    "pk": 4,
    "fields": {
        "user": 5,
        "role": "Recruiter"
    }
},
{
    "model": "db.employee",
    "pk": 5,
    "fields": {
        "user": 6,
        "role": "Recruiter"
    }
},
{
    "model": "db.employee",
    "pk": 6,
    "fields": {
        "user": 7,
        "role": "Developer"
    }
},
{
    "model": "db.employee",
    "pk": 7,
    "fields": {
        "user": 8,
        "role": "Dozent"
    }
},
{
    "model": "db.employee",
    "pk": 8,
    "fields": {
        "user": 9,
        "role": "Dozentin"
    }
},
{
    "model": "db.employee",
    "pk": 9,
    "fields": {
        "user": 10,
        "role": "Prorektor"
    }
},
{
    "model": "db.employee",
    "pk": 10,
    "fields": {
        "user": 11,
        "role": "Dozentin"
    }
},
{
    "model": "db.employee",
    "pk": 11,
    "fields": {
        "user": 12,
        "role": "Dozentin"
    }
},
{
    "model": "db.employee",
    "pk": 12,
    "fields": {
        "user": 22,
        "role": "Recruiter"
    }
},
{
    "model": "db.hobby",
    "pk": 3,
    "fields": {
        "name": "Gamen",
        "student": 6
    }
},
{
    "model": "db.hobby",
    "pk": 4,
    "fields": {
        "name": "Wandern",
        "student": 6
    }
},
{
    "model": "db.hobby",
    "pk": 5,
    "fields": {
        "name": "Gamen",
        "student": 7
    }
},
{
    "model": "db.hobby",
    "pk": 6,
    "fields": {
        "name": "Wandern",
        "student": 7
    }
},
{
    "model": "db.hobby",
    "pk": 7,
    "fields": {
        "name": "Gamen",
        "student": 8
    }
},
{
    "model": "db.hobby",
    "pk": 8,
    "fields": {
        "name": "Gamen",
        "student": 9
    }
},
{
    "model": "db.hobby",
    "pk": 9,
    "fields": {
        "name": "Wandern",
        "student": 8
    }
},
{
    "model": "db.hobby",
    "pk": 10,
    "fields": {
        "name": "Wandern",
        "student": 9
    }
},
{
    "model": "db.onlineproject",
    "pk": 3,
    "fields": {
        "url": "http://www.project1.lo",
        "student": 6
    }
},
{
    "model": "db.onlineproject",
    "pk": 4,
    "fields": {
        "url": "http://www.project2.lo",
        "student": 6
    }
},
{
    "model": "db.onlineproject",
    "pk": 5,
    "fields": {
        "url": "http://www.project2.lo",
        "student": 7
    }
},
{
    "model": "db.onlineproject",
    "pk": 6,
    "fields": {
        "url": "http://www.project1.lo",
        "student": 7
    }
},
{
    "model": "db.onlineproject",
    "pk": 7,
    "fields": {
        "url": "http://www.project1.lo",
        "student": 8
    }
},
{
    "model": "db.onlineproject",
    "pk": 8,
    "fields": {
        "url": "http://www.project2.lo",
        "student": 8
    }
},
{
    "model": "db.onlineproject",
    "pk": 9,
    "fields": {
        "url": "http://www.project1.lo",
        "student": 9
    }
},
{
    "model": "db.onlineproject",
    "pk": 10,
    "fields": {
        "url": "http://www.project2.lo",
        "student": 9
    }
},
{
    "model": "db.jobposition",
    "pk": 1,
    "fields": {
        "name": "Applikationsentwickler*in"
    }
},
{
    "model": "db.jobposition",
    "pk": 2,
    "fields": {
        "name": "Systemtechniker*in"
    }
},
{
    "model": "db.userlanguagerelation",
    "pk": 3,
    "fields": {
        "student": 6,
        "language": 5,
        "language_level": 8
    }
},
{
    "model": "db.userlanguagerelation",
    "pk": 4,
    "fields": {
        "student": 6,
        "language": 7,
        "language_level": 4
    }
},
{
    "model": "db.userlanguagerelation",
    "pk": 5,
    "fields": {
        "student": 7,
        "language": 5,
        "language_level": 8
    }
},
{
    "model": "db.userlanguagerelation",
    "pk": 6,
    "fields": {
        "student": 7,
        "language": 7,
        "language_level": 4
    }
},
{
    "model": "db.userlanguagerelation",
    "pk": 7,
    "fields": {
        "student": 8,
        "language": 5,
        "language_level": 8
    }
},
{
    "model": "db.userlanguagerelation",
    "pk": 8,
    "fields": {
        "student": 8,
        "language": 7,
        "language_level": 4
    }
},
{
    "model": "db.userlanguagerelation",
    "pk": 9,
    "fields": {
        "student": 9,
        "language": 5,
        "language_level": 8
    }
},
{
    "model": "db.userlanguagerelation",
    "pk": 10,
    "fields": {
        "student": 9,
        "language": 7,
        "language_level": 4
    }
},
{
    "model": "db.image",
    "pk": 3,
    "fields": {
        "collection": 1,
        "title": "",
        "file": "company/6/images/eyJwYXRoIjoiZnJvbnRpZnlcL2FjY291bnRzXC84ZlwvNjc3MjVcL3Byb2plY3RzXC85NTE_T0btJ1v.png",
        "width": 1300,
        "height": 472,
        "created_at": "2021-03-25T08:04:05.752Z",
        "focal_point_x": null,
        "focal_point_y": null,
        "focal_point_width": null,
        "focal_point_height": null,
        "file_size": 12493,
        "file_hash": "",
        "uploaded_by_user": 7,
        "mime_type": "image/png"
    }
},
{
    "model": "db.image",
    "pk": 4,
    "fields": {
        "collection": 1,
        "title": "",
        "file": "company/6/images/SG_arena_3_digital.jpg",
        "width": 2000,
        "height": 1335,
        "created_at": "2021-03-25T08:04:32.443Z",
        "focal_point_x": null,
        "focal_point_y": null,
        "focal_point_width": null,
        "focal_point_height": null,
        "file_size": 1544244,
        "file_hash": "",
        "uploaded_by_user": 7,
        "mime_type": "image/jpeg"
    }
},
{
    "model": "db.image",
    "pk": 5,
    "fields": {
        "collection": 1,
        "title": "",
        "file": "company/6/images/SG_kitchen_2_digital.jpg",
        "width": 2000,
        "height": 2997,
        "created_at": "2021-03-25T08:04:38.891Z",
        "focal_point_x": null,
        "focal_point_y": null,
        "focal_point_width": null,
        "focal_point_height": null,
        "file_size": 3889878,
        "file_hash": "",
        "uploaded_by_user": 7,
        "mime_type": "image/jpeg"
    }
},
{
    "model": "db.image",
    "pk": 6,
    "fields": {
        "collection": 1,
        "title": "",
        "file": "company/6/images/Devs_2_digital.jpg",
        "width": 2000,
        "height": 1335,
        "created_at": "2021-03-25T08:04:45.689Z",
        "focal_point_x": null,
        "focal_point_y": null,
        "focal_point_width": null,
        "focal_point_height": null,
        "file_size": 1526878,
        "file_hash": "",
        "uploaded_by_user": 7,
        "mime_type": "image/jpeg"
    }
},
{
    "model": "db.image",
    "pk": 7,
    "fields": {
        "collection": 1,
        "title": "",
        "file": "company/6/images/Devicelab_1_digital.jpg",
        "width": 2000,
        "height": 1336,
        "created_at": "2021-03-25T08:04:53.167Z",
        "focal_point_x": null,
        "focal_point_y": null,
        "focal_point_width": null,
        "focal_point_height": null,
        "file_size": 2124085,
        "file_hash": "",
        "uploaded_by_user": 7,
        "mime_type": "image/jpeg"
    }
},
{
    "model": "db.video",
    "pk": 1,
    "fields": {
        "collection": 1,
        "title": "",
        "type": "",
        "duration": 0.0,
        "width": null,
        "height": null,
        "thumbnail": "",
        "created_at": "2021-03-25T08:06:29.900Z",
        "uploaded_by_user": 7,
        "file_size": null,
        "mime_type": null,
        "file": "company/6/videos/loop.mp4"
    }
},
{
    "model": "db.attachment",
    "pk": 3,
    "fields": {
        "content_type": 8,
        "object_id": 6,
        "attachment_type": 20,
        "attachment_id": 3,
        "key": "company_avatar"
    }
},
{
    "model": "db.attachment",
    "pk": 4,
    "fields": {
        "content_type": 8,
        "object_id": 6,
        "attachment_type": 20,
        "attachment_id": 4,
        "key": "company_documents"
    }
},
{
    "model": "db.attachment",
    "pk": 5,
    "fields": {
        "content_type": 8,
        "object_id": 6,
        "attachment_type": 20,
        "attachment_id": 5,
        "key": "company_documents"
    }
},
{
    "model": "db.attachment",
    "pk": 6,
    "fields": {
        "content_type": 8,
        "object_id": 6,
        "attachment_type": 20,
        "attachment_id": 6,
        "key": "company_documents"
    }
},
{
    "model": "db.attachment",
    "pk": 7,
    "fields": {
        "content_type": 8,
        "object_id": 6,
        "attachment_type": 20,
        "attachment_id": 7,
        "key": "company_documents"
    }
},
{
    "model": "db.attachment",
    "pk": 8,
    "fields": {
        "content_type": 8,
        "object_id": 6,
        "attachment_type": 20,
        "attachment_id": 1,
        "key": "company_documents"
    }
},
{
    "model": "graphql_auth.userstatus",
    "pk": 1,
    "fields": {
        "user": 1,
        "verified": true,
        "archived": false,
        "secondary_email": null
    }
},
{
    "model": "graphql_auth.userstatus",
    "pk": 2,
    "fields": {
        "user": 2,
        "verified": false,
        "archived": false,
        "secondary_email": null
    }
},
{
    "model": "graphql_auth.userstatus",
    "pk": 3,
    "fields": {
        "user": 3,
        "verified": true,
        "archived": false,
        "secondary_email": null
    }
},
{
    "model": "graphql_auth.userstatus",
    "pk": 4,
    "fields": {
        "user": 4,
        "verified": true,
        "archived": false,
        "secondary_email": null
    }
},
{
    "model": "graphql_auth.userstatus",
    "pk": 5,
    "fields": {
        "user": 5,
        "verified": true,
        "archived": false,
        "secondary_email": null
    }
},
{
    "model": "graphql_auth.userstatus",
    "pk": 6,
    "fields": {
        "user": 6,
        "verified": true,
        "archived": false,
        "secondary_email": null
    }
},
{
    "model": "graphql_auth.userstatus",
    "pk": 7,
    "fields": {
        "user": 7,
        "verified": true,
        "archived": false,
        "secondary_email": null
    }
},
{
    "model": "graphql_auth.userstatus",
    "pk": 8,
    "fields": {
        "user": 8,
        "verified": false,
        "archived": false,
        "secondary_email": null
    }
},
{
    "model": "graphql_auth.userstatus",
    "pk": 9,
    "fields": {
        "user": 9,
        "verified": true,
        "archived": false,
        "secondary_email": null
    }
},
{
    "model": "graphql_auth.userstatus",
    "pk": 10,
    "fields": {
        "user": 10,
        "verified": true,
        "archived": false,
        "secondary_email": null
    }
},
{
    "model": "graphql_auth.userstatus",
    "pk": 11,
    "fields": {
        "user": 11,
        "verified": true,
        "archived": false,
        "secondary_email": null
    }
},
{
    "model": "graphql_auth.userstatus",
    "pk": 12,
    "fields": {
        "user": 12,
        "verified": true,
        "archived": false,
        "secondary_email": null
    }
},
{
    "model": "graphql_auth.userstatus",
    "pk": 13,
    "fields": {
        "user": 13,
        "verified": false,
        "archived": false,
        "secondary_email": null
    }
},
{
    "model": "graphql_auth.userstatus",
    "pk": 14,
    "fields": {
        "user": 14,
        "verified": true,
        "archived": false,
        "secondary_email": null
    }
},
{
    "model": "graphql_auth.userstatus",
    "pk": 15,
    "fields": {
        "user": 15,
        "verified": true,
        "archived": false,
        "secondary_email": null
    }
},
{
    "model": "graphql_auth.userstatus",
    "pk": 16,
    "fields": {
        "user": 16,
        "verified": true,
        "archived": false,
        "secondary_email": null
    }
},
{
    "model": "graphql_auth.userstatus",
    "pk": 17,
    "fields": {
        "user": 17,
        "verified": true,
        "archived": false,
        "secondary_email": null
    }
},
{
    "model": "graphql_auth.userstatus",
    "pk": 18,
    "fields": {
        "user": 18,
        "verified": true,
        "archived": false,
        "secondary_email": null
    }
},
{
    "model": "graphql_auth.userstatus",
    "pk": 19,
    "fields": {
        "user": 19,
        "verified": true,
        "archived": false,
        "secondary_email": null
    }
},
{
    "model": "graphql_auth.userstatus",
    "pk": 20,
    "fields": {
        "user": 20,
        "verified": true,
        "archived": false,
        "secondary_email": null
    }
},
{
    "model": "graphql_auth.userstatus",
    "pk": 21,
    "fields": {
        "user": 21,
        "verified": true,
        "archived": false,
        "secondary_email": null
    }
},
{
    "model": "graphql_auth.userstatus",
    "pk": 22,
    "fields": {
        "user": 22,
        "verified": true,
        "archived": false,
        "secondary_email": null
    }
}
]
