[
{
    "model": "db.user",
    "pk": 1,
    "fields": {
        "password": "pbkdf2_sha256$216000$zm5hbNyUj2u1$XOHZkfILbONSDhLZDu7q9RP/ZPN1yNlY5HRsxM5hk6o=",
        "last_login": "2021-02-15T13:50:19.249Z",
        "is_superuser": true,
        "username": "admin",
        "email": "admin@example.com",
        "is_staff": true,
        "is_active": true,
        "date_joined": "2020-07-07T09:40:35.819Z",
        "type": "internal",
        "first_name": "admin",
        "last_name": "admin",
        "company": null,
        "state": "incomplete",
        "profile_step": 1,
        "groups": [],
        "user_permissions": []
    }
},
{
    "model": "db.user",
    "pk": 2,
    "fields": {
        "password": "pbkdf2_sha256$216000$yc0EieRFDFl3$5vYudLrKiGQTWq4HCbJ2xXViguNd7pvldm/317GxJJw=",
        "last_login": "2021-01-28T09:06:18.530Z",
        "is_superuser": false,
        "username": "john@doe.com",
        "email": "john@doe.com",
        "is_staff": false,
        "is_active": true,
        "date_joined": "2021-01-27T11:44:00.605Z",
        "type": "company",
        "first_name": "John",
        "last_name": "Doe",
        "company": 1,
        "state": "incomplete",
        "profile_step": 1,
        "groups": [],
        "user_permissions": []
    }
},
{
    "model": "db.user",
    "pk": 3,
    "fields": {
        "password": "pbkdf2_sha256$216000$RdqBtZaeSrBv$PpK7MIaB7NMldQqcQL8rswLUrS6rcuQmB7JDa2BTIJg=",
        "last_login": null,
        "is_superuser": false,
        "username": "jane@doe.com",
        "email": "jane@doe.com",
        "is_staff": false,
        "is_active": true,
        "date_joined": "2021-01-27T11:45:50.056Z",
        "type": "student",
        "first_name": "Jane",
        "last_name": "Doe",
        "company": null,
        "state": "incomplete",
        "profile_step": 1,
        "groups": [],
        "user_permissions": []
    }
},
{
    "model": "db.user",
    "pk": 4,
    "fields": {
        "password": "pbkdf2_sha256$216000$LYgKVLYWgtJn$ZubGInM3OswgZLhSvCh91GCw5pkwtd1l50ibXxIOq/s=",
        "last_login": null,
        "is_superuser": false,
        "username": "joe@doe.com",
        "email": "joe@doe.com",
        "is_staff": false,
        "is_active": true,
        "date_joined": "2021-01-28T13:14:24.268Z",
        "type": "university",
        "first_name": "Joe",
        "last_name": "Doe",
        "company": 2,
        "state": "incomplete",
        "profile_step": 1,
        "groups": [],
        "user_permissions": []
    }
},
{
    "model": "db.user",
    "pk": 5,
    "fields": {
        "password": "pbkdf2_sha256$216000$W7GJwt9eJk3F$WMHkJztML/2xRkWYd0epj4yhejIqPB4lCElUQlwyTjc=",
        "last_login": null,
        "is_superuser": false,
        "username": "jane2@doe.com",
        "email": "jane2@doe.com",
        "is_staff": false,
        "is_active": true,
        "date_joined": "2021-02-04T15:47:02.668Z",
        "type": "student",
        "first_name": "Jane2",
        "last_name": "Doe",
        "company": null,
        "state": "incomplete",
        "profile_step": 1,
        "groups": [],
        "user_permissions": []
    }
},
{
    "model": "db.company",
    "pk": 1,
    "fields": {
        "uid": "CHE-999.999.999",
        "name": "Doe Unlimited",
        "zip": "9000",
        "city": "St. Gallen",
        "slug": "doe-unlimited"
    }
},
{
    "model": "db.company",
    "pk": 2,
    "fields": {
        "uid": "",
        "name": "Doe University",
        "zip": "9000",
        "city": "St. Gallen",
        "slug": "doe-university"
    }
},
{
    "model": "db.student",
    "pk": 2,
    "fields": {
        "user": 3,
        "mobile": "+41791234567",
        "street": "",
        "zip": "",
        "city": "",
        "date_of_birth": null,
        "nickname": "jane_doe",
        "school_name": "",
        "field_of_study": "",
        "graduation": null,
        "job_option": null,
        "job_from_date": null,
        "job_to_date": null,
        "job_position": null,
        "skills": []
    }
},
{
    "model": "db.student",
    "pk": 3,
    "fields": {
        "user": 5,
        "mobile": "+41781234567",
        "street": "",
        "zip": "",
        "city": "",
        "date_of_birth": null,
        "nickname": null,
        "school_name": null,
        "field_of_study": "",
        "graduation": null,
        "job_option": null,
        "job_from_date": null,
        "job_to_date": null,
        "job_position": null,
        "skills": []
    }
},
{
    "model": "db.userrequest",
    "pk": 3,
    "fields": {
        "name": "Jane Doe",
        "email": "jane@doe.com",
        "message": "Debug Data Message",
        "created_at": "2021-01-06T17:13:18.306Z"
    }
},
{
    "model": "db.employee",
    "pk": 1,
    "fields": {
        "user": 2,
        "role": "Recruiter"
    }
},
{
    "model": "db.employee",
    "pk": 2,
    "fields": {
        "user": 4,
        "role": "Recruiter"
    }
},
{
    "model": "db.language",
    "pk": 1,
    "fields": {
        "name": "Afar"
    }
},
{
    "model": "db.language",
    "pk": 2,
    "fields": {
        "name": "Abchasisch"
    }
},
{
    "model": "db.language",
    "pk": 3,
    "fields": {
        "name": "Avestisch"
    }
},
{
    "model": "db.language",
    "pk": 4,
    "fields": {
        "name": "Afrikaans"
    }
},
{
    "model": "db.language",
    "pk": 5,
    "fields": {
        "name": "Akan"
    }
},
{
    "model": "db.language",
    "pk": 6,
    "fields": {
        "name": "Amharisch"
    }
},
{
    "model": "db.language",
    "pk": 7,
    "fields": {
        "name": "Aragonesisch"
    }
},
{
    "model": "db.language",
    "pk": 8,
    "fields": {
        "name": "Arabisch"
    }
},
{
    "model": "db.language",
    "pk": 9,
    "fields": {
        "name": "Assamesisch"
    }
},
{
    "model": "db.language",
    "pk": 10,
    "fields": {
        "name": "Avarisch"
    }
},
{
    "model": "db.language",
    "pk": 11,
    "fields": {
        "name": "Aymara"
    }
},
{
    "model": "db.language",
    "pk": 12,
    "fields": {
        "name": "Aserbaidschanisch"
    }
},
{
    "model": "db.language",
    "pk": 13,
    "fields": {
        "name": "Baschkirisch"
    }
},
{
    "model": "db.language",
    "pk": 14,
    "fields": {
        "name": "Belorussisch"
    }
},
{
    "model": "db.language",
    "pk": 15,
    "fields": {
        "name": "Bulgarisch"
    }
},
{
    "model": "db.language",
    "pk": 16,
    "fields": {
        "name": "Biharisch"
    }
},
{
    "model": "db.language",
    "pk": 17,
    "fields": {
        "name": "Bislamisch"
    }
},
{
    "model": "db.language",
    "pk": 18,
    "fields": {
        "name": "Bambara"
    }
},
{
    "model": "db.language",
    "pk": 19,
    "fields": {
        "name": "Bengalisch"
    }
},
{
    "model": "db.language",
    "pk": 20,
    "fields": {
        "name": "Tibetanisch"
    }
},
{
    "model": "db.language",
    "pk": 21,
    "fields": {
        "name": "Bretonisch"
    }
},
{
    "model": "db.language",
    "pk": 22,
    "fields": {
        "name": "Bosnisch"
    }
},
{
    "model": "db.language",
    "pk": 23,
    "fields": {
        "name": "Katalanisch"
    }
},
{
    "model": "db.language",
    "pk": 24,
    "fields": {
        "name": "Tschetschenisch"
    }
},
{
    "model": "db.language",
    "pk": 25,
    "fields": {
        "name": "Chamorro"
    }
},
{
    "model": "db.language",
    "pk": 26,
    "fields": {
        "name": "Korsisch"
    }
},
{
    "model": "db.language",
    "pk": 27,
    "fields": {
        "name": "Cree"
    }
},
{
    "model": "db.language",
    "pk": 28,
    "fields": {
        "name": "Tschechisch"
    }
},
{
    "model": "db.language",
    "pk": 29,
    "fields": {
        "name": "Kirchenslawisch, Altkirchenslawisch"
    }
},
{
    "model": "db.language",
    "pk": 30,
    "fields": {
        "name": "Tschuwaschisch"
    }
},
{
    "model": "db.language",
    "pk": 31,
    "fields": {
        "name": "Walisisch"
    }
},
{
    "model": "db.language",
    "pk": 32,
    "fields": {
        "name": "Dänisch"
    }
},
{
    "model": "db.language",
    "pk": 33,
    "fields": {
        "name": "Deutsch"
    }
},
{
    "model": "db.language",
    "pk": 34,
    "fields": {
        "name": "Dhivehi"
    }
},
{
    "model": "db.language",
    "pk": 35,
    "fields": {
        "name": "Dzongkha/ Bhutani"
    }
},
{
    "model": "db.language",
    "pk": 36,
    "fields": {
        "name": "Ewe"
    }
},
{
    "model": "db.language",
    "pk": 37,
    "fields": {
        "name": "Griechisch"
    }
},
{
    "model": "db.language",
    "pk": 38,
    "fields": {
        "name": "Englisch"
    }
},
{
    "model": "db.language",
    "pk": 39,
    "fields": {
        "name": "Esperanto"
    }
},
{
    "model": "db.language",
    "pk": 40,
    "fields": {
        "name": "Spanisch"
    }
},
{
    "model": "db.language",
    "pk": 41,
    "fields": {
        "name": "Estnisch"
    }
},
{
    "model": "db.language",
    "pk": 42,
    "fields": {
        "name": "Baskisch"
    }
},
{
    "model": "db.language",
    "pk": 43,
    "fields": {
        "name": "Persisch"
    }
},
{
    "model": "db.language",
    "pk": 44,
    "fields": {
        "name": "Fulfulde"
    }
},
{
    "model": "db.language",
    "pk": 45,
    "fields": {
        "name": "Finnisch"
    }
},
{
    "model": "db.language",
    "pk": 46,
    "fields": {
        "name": "Fiji"
    }
},
{
    "model": "db.language",
    "pk": 47,
    "fields": {
        "name": "Färöisch"
    }
},
{
    "model": "db.language",
    "pk": 48,
    "fields": {
        "name": "Französisch"
    }
},
{
    "model": "db.language",
    "pk": 49,
    "fields": {
        "name": "Westfriesisch"
    }
},
{
    "model": "db.language",
    "pk": 50,
    "fields": {
        "name": "Irisch"
    }
},
{
    "model": "db.language",
    "pk": 51,
    "fields": {
        "name": "Schottisches Gälisch"
    }
},
{
    "model": "db.language",
    "pk": 52,
    "fields": {
        "name": "Galizisch"
    }
},
{
    "model": "db.language",
    "pk": 53,
    "fields": {
        "name": "Guarani"
    }
},
{
    "model": "db.language",
    "pk": 54,
    "fields": {
        "name": "Gujaratisch"
    }
},
{
    "model": "db.language",
    "pk": 55,
    "fields": {
        "name": "Manx, Manx-Gälisch"
    }
},
{
    "model": "db.language",
    "pk": 56,
    "fields": {
        "name": "Haussa"
    }
},
{
    "model": "db.language",
    "pk": 57,
    "fields": {
        "name": "Hebräisch"
    }
},
{
    "model": "db.language",
    "pk": 58,
    "fields": {
        "name": "Hindi"
    }
},
{
    "model": "db.language",
    "pk": 59,
    "fields": {
        "name": "Hiri Motu"
    }
},
{
    "model": "db.language",
    "pk": 60,
    "fields": {
        "name": "Kroatisch"
    }
},
{
    "model": "db.language",
    "pk": 61,
    "fields": {
        "name": "Haitianisch"
    }
},
{
    "model": "db.language",
    "pk": 62,
    "fields": {
        "name": "Ungarisch"
    }
},
{
    "model": "db.language",
    "pk": 63,
    "fields": {
        "name": "Armenisch"
    }
},
{
    "model": "db.language",
    "pk": 64,
    "fields": {
        "name": "Otjiherero"
    }
},
{
    "model": "db.language",
    "pk": 65,
    "fields": {
        "name": "Interlingua"
    }
},
{
    "model": "db.language",
    "pk": 66,
    "fields": {
        "name": "Indonesisch"
    }
},
{
    "model": "db.language",
    "pk": 67,
    "fields": {
        "name": "Interlingue"
    }
},
{
    "model": "db.language",
    "pk": 68,
    "fields": {
        "name": "Igbo"
    }
},
{
    "model": "db.language",
    "pk": 69,
    "fields": {
        "name": "Yi"
    }
},
{
    "model": "db.language",
    "pk": 70,
    "fields": {
        "name": "Inupiak"
    }
},
{
    "model": "db.language",
    "pk": 71,
    "fields": {
        "name": "Ido"
    }
},
{
    "model": "db.language",
    "pk": 72,
    "fields": {
        "name": "Isländisch"
    }
},
{
    "model": "db.language",
    "pk": 73,
    "fields": {
        "name": "Italienisch"
    }
},
{
    "model": "db.language",
    "pk": 74,
    "fields": {
        "name": "Inuktitut (Eskimo)"
    }
},
{
    "model": "db.language",
    "pk": 75,
    "fields": {
        "name": "Japanisch"
    }
},
{
    "model": "db.language",
    "pk": 76,
    "fields": {
        "name": "Javanisch"
    }
},
{
    "model": "db.language",
    "pk": 77,
    "fields": {
        "name": "Georgisch"
    }
},
{
    "model": "db.language",
    "pk": 78,
    "fields": {
        "name": "Kikongo"
    }
},
{
    "model": "db.language",
    "pk": 79,
    "fields": {
        "name": "Kikuyu"
    }
},
{
    "model": "db.language",
    "pk": 80,
    "fields": {
        "name": "OshiKwanyama"
    }
},
{
    "model": "db.language",
    "pk": 81,
    "fields": {
        "name": "Kasachisch"
    }
},
{
    "model": "db.language",
    "pk": 82,
    "fields": {
        "name": "Grönländisch, Kalaallisut"
    }
},
{
    "model": "db.language",
    "pk": 83,
    "fields": {
        "name": "Khmer"
    }
},
{
    "model": "db.language",
    "pk": 84,
    "fields": {
        "name": "Kannada"
    }
},
{
    "model": "db.language",
    "pk": 85,
    "fields": {
        "name": "Koreanisch"
    }
},
{
    "model": "db.language",
    "pk": 86,
    "fields": {
        "name": "Kanuri"
    }
},
{
    "model": "db.language",
    "pk": 87,
    "fields": {
        "name": "Kashmiri"
    }
},
{
    "model": "db.language",
    "pk": 88,
    "fields": {
        "name": "Kurdisch"
    }
},
{
    "model": "db.language",
    "pk": 89,
    "fields": {
        "name": "Komi"
    }
},
{
    "model": "db.language",
    "pk": 90,
    "fields": {
        "name": "Kornisch"
    }
},
{
    "model": "db.language",
    "pk": 91,
    "fields": {
        "name": "Kirgisisch"
    }
},
{
    "model": "db.language",
    "pk": 92,
    "fields": {
        "name": "Lateinisch"
    }
},
{
    "model": "db.language",
    "pk": 93,
    "fields": {
        "name": "Luxemburgisch"
    }
},
{
    "model": "db.language",
    "pk": 94,
    "fields": {
        "name": "Luganda"
    }
},
{
    "model": "db.language",
    "pk": 95,
    "fields": {
        "name": "Limburgisch, Südniederfränkisch"
    }
},
{
    "model": "db.language",
    "pk": 96,
    "fields": {
        "name": "Lingála"
    }
},
{
    "model": "db.language",
    "pk": 97,
    "fields": {
        "name": "Laotisch"
    }
},
{
    "model": "db.language",
    "pk": 98,
    "fields": {
        "name": "Litauisch"
    }
},
{
    "model": "db.language",
    "pk": 99,
    "fields": {
        "name": "Kiluba"
    }
},
{
    "model": "db.language",
    "pk": 100,
    "fields": {
        "name": "Lettisch"
    }
},
{
    "model": "db.language",
    "pk": 101,
    "fields": {
        "name": "Malagasy, Malagassi"
    }
},
{
    "model": "db.language",
    "pk": 102,
    "fields": {
        "name": "Marshallesisch"
    }
},
{
    "model": "db.language",
    "pk": 103,
    "fields": {
        "name": "Maorisch"
    }
},
{
    "model": "db.language",
    "pk": 104,
    "fields": {
        "name": "Mazedonisch"
    }
},
{
    "model": "db.language",
    "pk": 105,
    "fields": {
        "name": "Malajalam"
    }
},
{
    "model": "db.language",
    "pk": 106,
    "fields": {
        "name": "Mongolisch"
    }
},
{
    "model": "db.language",
    "pk": 107,
    "fields": {
        "name": "Marathi"
    }
},
{
    "model": "db.language",
    "pk": 108,
    "fields": {
        "name": "Malaiisch"
    }
},
{
    "model": "db.language",
    "pk": 109,
    "fields": {
        "name": "Maltesisch"
    }
},
{
    "model": "db.language",
    "pk": 110,
    "fields": {
        "name": "Birmanisch, Burmesisch"
    }
},
{
    "model": "db.language",
    "pk": 111,
    "fields": {
        "name": "Nauruisch"
    }
},
{
    "model": "db.language",
    "pk": 112,
    "fields": {
        "name": "Bokmål"
    }
},
{
    "model": "db.language",
    "pk": 113,
    "fields": {
        "name": "Nord-Ndebele"
    }
},
{
    "model": "db.language",
    "pk": 114,
    "fields": {
        "name": "Nepali"
    }
},
{
    "model": "db.language",
    "pk": 115,
    "fields": {
        "name": "Ndonga"
    }
},
{
    "model": "db.language",
    "pk": 116,
    "fields": {
        "name": "Niederländisch, Belgisches Niederländisch"
    }
},
{
    "model": "db.language",
    "pk": 117,
    "fields": {
        "name": "Nynorsk"
    }
},
{
    "model": "db.language",
    "pk": 118,
    "fields": {
        "name": "Norwegisch"
    }
},
{
    "model": "db.language",
    "pk": 119,
    "fields": {
        "name": "Süd-Ndebele"
    }
},
{
    "model": "db.language",
    "pk": 120,
    "fields": {
        "name": "Navajo"
    }
},
{
    "model": "db.language",
    "pk": 121,
    "fields": {
        "name": "Chichewa"
    }
},
{
    "model": "db.language",
    "pk": 122,
    "fields": {
        "name": "Okzitanisch"
    }
},
{
    "model": "db.language",
    "pk": 123,
    "fields": {
        "name": "Ojibwe"
    }
},
{
    "model": "db.language",
    "pk": 124,
    "fields": {
        "name": "Oromo"
    }
},
{
    "model": "db.language",
    "pk": 125,
    "fields": {
        "name": "Oriya"
    }
},
{
    "model": "db.language",
    "pk": 126,
    "fields": {
        "name": "Ossetisch"
    }
},
{
    "model": "db.language",
    "pk": 127,
    "fields": {
        "name": "Panjabi, Pandschabi"
    }
},
{
    "model": "db.language",
    "pk": 128,
    "fields": {
        "name": "Pali"
    }
},
{
    "model": "db.language",
    "pk": 129,
    "fields": {
        "name": "Polnisch"
    }
},
{
    "model": "db.language",
    "pk": 130,
    "fields": {
        "name": "Paschtu"
    }
},
{
    "model": "db.language",
    "pk": 131,
    "fields": {
        "name": "Portugiesisch"
    }
},
{
    "model": "db.language",
    "pk": 132,
    "fields": {
        "name": "Quechua"
    }
},
{
    "model": "db.language",
    "pk": 133,
    "fields": {
        "name": "Rätoromanisch, Bündnerromanisch, Romanisch"
    }
},
{
    "model": "db.language",
    "pk": 134,
    "fields": {
        "name": "Kirundi"
    }
},
{
    "model": "db.language",
    "pk": 135,
    "fields": {
        "name": "Rumänisch"
    }
},
{
    "model": "db.language",
    "pk": 136,
    "fields": {
        "name": "Russisch"
    }
},
{
    "model": "db.language",
    "pk": 137,
    "fields": {
        "name": "Kijarwanda"
    }
},
{
    "model": "db.language",
    "pk": 138,
    "fields": {
        "name": "Sanskrit"
    }
},
{
    "model": "db.language",
    "pk": 139,
    "fields": {
        "name": "Sardisch"
    }
},
{
    "model": "db.language",
    "pk": 140,
    "fields": {
        "name": "Sindhi"
    }
},
{
    "model": "db.language",
    "pk": 141,
    "fields": {
        "name": "Nordsamisch"
    }
},
{
    "model": "db.language",
    "pk": 142,
    "fields": {
        "name": "Sango"
    }
},
{
    "model": "db.language",
    "pk": 143,
    "fields": {
        "name": "Singhalesisch"
    }
},
{
    "model": "db.language",
    "pk": 144,
    "fields": {
        "name": "Slowakisch"
    }
},
{
    "model": "db.language",
    "pk": 145,
    "fields": {
        "name": "Slowenisch"
    }
},
{
    "model": "db.language",
    "pk": 146,
    "fields": {
        "name": "Samoanisch"
    }
},
{
    "model": "db.language",
    "pk": 147,
    "fields": {
        "name": "Schonisch"
    }
},
{
    "model": "db.language",
    "pk": 148,
    "fields": {
        "name": "Somalisch"
    }
},
{
    "model": "db.language",
    "pk": 149,
    "fields": {
        "name": "Albanisch"
    }
},
{
    "model": "db.language",
    "pk": 150,
    "fields": {
        "name": "Serbisch"
    }
},
{
    "model": "db.language",
    "pk": 151,
    "fields": {
        "name": "Swasiländisch"
    }
},
{
    "model": "db.language",
    "pk": 152,
    "fields": {
        "name": "Sesothisch"
    }
},
{
    "model": "db.language",
    "pk": 153,
    "fields": {
        "name": "Sudanesisch"
    }
},
{
    "model": "db.language",
    "pk": 154,
    "fields": {
        "name": "Schwedisch"
    }
},
{
    "model": "db.language",
    "pk": 155,
    "fields": {
        "name": "Suaheli"
    }
},
{
    "model": "db.language",
    "pk": 156,
    "fields": {
        "name": "Tamilisch"
    }
},
{
    "model": "db.language",
    "pk": 157,
    "fields": {
        "name": "Tegulu"
    }
},
{
    "model": "db.language",
    "pk": 158,
    "fields": {
        "name": "Tadschikisch"
    }
},
{
    "model": "db.language",
    "pk": 159,
    "fields": {
        "name": "Thai"
    }
},
{
    "model": "db.language",
    "pk": 160,
    "fields": {
        "name": "Tigrinja"
    }
},
{
    "model": "db.language",
    "pk": 161,
    "fields": {
        "name": "Turkmenisch"
    }
},
{
    "model": "db.language",
    "pk": 162,
    "fields": {
        "name": "Tagalog"
    }
},
{
    "model": "db.language",
    "pk": 163,
    "fields": {
        "name": "Sezuan"
    }
},
{
    "model": "db.language",
    "pk": 164,
    "fields": {
        "name": "Tongaisch"
    }
},
{
    "model": "db.language",
    "pk": 165,
    "fields": {
        "name": "Türkisch"
    }
},
{
    "model": "db.language",
    "pk": 166,
    "fields": {
        "name": "Tsongaisch"
    }
},
{
    "model": "db.language",
    "pk": 167,
    "fields": {
        "name": "Tatarisch"
    }
},
{
    "model": "db.language",
    "pk": 168,
    "fields": {
        "name": "Twi"
    }
},
{
    "model": "db.language",
    "pk": 169,
    "fields": {
        "name": "Tahitianisch, Tahitisch"
    }
},
{
    "model": "db.language",
    "pk": 170,
    "fields": {
        "name": "Uigur"
    }
},
{
    "model": "db.language",
    "pk": 171,
    "fields": {
        "name": "Ukrainisch"
    }
},
{
    "model": "db.language",
    "pk": 172,
    "fields": {
        "name": "Urdu"
    }
},
{
    "model": "db.language",
    "pk": 173,
    "fields": {
        "name": "Usbekisch"
    }
},
{
    "model": "db.language",
    "pk": 174,
    "fields": {
        "name": "Vietnamesisch"
    }
},
{
    "model": "db.language",
    "pk": 175,
    "fields": {
        "name": "Volapük"
    }
},
{
    "model": "db.language",
    "pk": 176,
    "fields": {
        "name": "Wallonisch"
    }
},
{
    "model": "db.language",
    "pk": 177,
    "fields": {
        "name": "Wolof"
    }
},
{
    "model": "db.language",
    "pk": 178,
    "fields": {
        "name": "Xhosa"
    }
},
{
    "model": "db.language",
    "pk": 179,
    "fields": {
        "name": "Jiddish"
    }
},
{
    "model": "db.language",
    "pk": 180,
    "fields": {
        "name": "Joruba"
    }
},
{
    "model": "db.language",
    "pk": 181,
    "fields": {
        "name": "Zhuang"
    }
},
{
    "model": "db.language",
    "pk": 182,
    "fields": {
        "name": "Chinesisch"
    }
},
{
    "model": "db.language",
    "pk": 183,
    "fields": {
        "name": "Zulu"
    }
},
{
    "model": "db.languagelevel",
    "pk": 2,
    "fields": {
        "level": "A1",
        "description": "Anfänger"
    }
},
{
    "model": "db.languagelevel",
    "pk": 3,
    "fields": {
        "level": "A2",
        "description": "Grundkenntnis"
    }
},
{
    "model": "db.languagelevel",
    "pk": 4,
    "fields": {
        "level": "B1",
        "description": "Fortgeschrittene Sprachverwendung"
    }
},
{
    "model": "db.languagelevel",
    "pk": 5,
    "fields": {
        "level": "B2",
        "description": "Selbständige Sprachverwendung"
    }
},
{
    "model": "db.languagelevel",
    "pk": 6,
    "fields": {
        "level": "C1",
        "description": "Fachkundige Sprachbeherrschung"
    }
},
{
    "model": "db.languagelevel",
    "pk": 7,
    "fields": {
        "level": "C2",
        "description": "Beherrschen der Sprache"
    }
},
{
    "model": "db.languagelevel",
    "pk": 8,
    "fields": {
        "level": "Muttersprache",
        "description": null
    }
},
{
    "model": "db.joboption",
    "pk": 1,
    "fields": {
        "name": "Jahrespraktikum",
        "mode": "date_range"
    }
},
{
    "model": "db.joboption",
    "pk": 2,
    "fields": {
        "name": "Kurzpraktikum",
        "mode": "date_range"
    }
},
{
    "model": "db.joboption",
    "pk": 3,
    "fields": {
        "name": "Trainee für Hochschulabgänger",
        "mode": "date_range"
    }
},
{
    "model": "db.joboption",
    "pk": 4,
    "fields": {
        "name": "Teilzeitstelle für Studierende FH/Uni",
        "mode": "date_range"
    }
},
{
    "model": "db.joboption",
    "pk": 5,
    "fields": {
        "name": "Lehrstelle",
        "mode": "date_range"
    }
},
{
    "model": "db.joboption",
    "pk": 6,
    "fields": {
        "name": "Thema für Abschlussarbeit FH/Uni",
        "mode": "date_from"
    }
},
{
    "model": "db.joboption",
    "pk": 7,
    "fields": {
        "name": "Thema für Projektarbeit (Gruppe/Einzel)",
        "mode": "date_from"
    }
},
{
    "model": "db.jobposition",
    "pk": 1,
    "fields": {
        "name": "Applikationsentwickler*in"
    }
},
{
    "model": "db.jobposition",
    "pk": 2,
    "fields": {
        "name": "Systemtechniker*in"
    }
},
{
    "model": "graphql_auth.userstatus",
    "pk": 1,
    "fields": {
        "user": 1,
        "verified": true,
        "archived": false,
        "secondary_email": null
    }
},
{
    "model": "graphql_auth.userstatus",
    "pk": 2,
    "fields": {
        "user": 2,
        "verified": true,
        "archived": false,
        "secondary_email": null
    }
},
{
    "model": "graphql_auth.userstatus",
    "pk": 3,
    "fields": {
        "user": 3,
        "verified": true,
        "archived": false,
        "secondary_email": null
    }
},
{
    "model": "graphql_auth.userstatus",
    "pk": 4,
    "fields": {
        "user": 4,
        "verified": true,
        "archived": false,
        "secondary_email": null
    }
},
{
    "model": "graphql_auth.userstatus",
    "pk": 5,
    "fields": {
        "user": 5,
        "verified": true,
        "archived": false,
        "secondary_email": null
    }
}
]
